customer_id,customer_name,city,signup_date
1,Joan Hawkins,Mumbai,12-12-2025
2,Sean Mcintosh,Hyderabad,06-01-2026
3,Rebecca Johnson,Pune,09-09-2024
4,Gregory Larsen,Kolkata,07-07-2023
5,Teresa Romero,Hyderabad,25-11-2025
6,Mitchell Rivera,Pune,06-01-2024
7,Teresa Phillips,Mumbai,20-02-2026
8,Holly Lopez,Kolkata,23-07-2023
9,Mrs. Cynthia Ball,Chennai,27-07-2023
10,Tony Reynolds,Chennai,28-03-2025
11,Kristen Blake,Mumbai,16-04-2026
12,Kelly Jackson,Delhi,06-09-2023
13,Jacob Bradshaw,Delhi,20-12-2025
14,Deborah Ortega,Chennai,17-03-2024
15,Vanessa Jackson,Chennai,17-11-2023
16,Leslie Walker,Bangalore,13-12-2023
17,Brandon King,Delhi,12-12-2024
18,Curtis Potts,Mumbai,17-12-2024
19,Wendy Roman,Kolkata,24-09-2023
20,Tara Boyd,Pune,28-04-2024
21,Michelle Larsen,Kolkata,02-11-2024
22,Sarah Singleton DDS,Pune,11-05-2024
23,Carol Hess,Mumbai,04-07-2025
24,Elizabeth Martin,Chennai,31-05-2023
25,Jessica Benitez,Ahmedabad,29-06-2024
26,Dr. Catherine Williams,Pune,19-07-2024
27,Kenneth Stone,Mumbai,19-02-2025
28,Amy Edwards,Pune,29-07-2025
29,Cynthia Johnson,Delhi,21-06-2024
30,Anna Johnson,Delhi,17-06-2025
31,Brian Ramirez,Mumbai,09-06-2023
32,Tara Johnson,Hyderabad,16-06-2023
33,Steve Anderson,Kolkata,30-06-2023
34,David Grant,Ahmedabad,01-05-2024
35,Sara Mcguire,Hyderabad,16-08-2024
36,Michael Collins,Ahmedabad,10-05-2025
37,Michael Griffin,Mumbai,01-05-2025
38,George Barker,Hyderabad,27-02-2024
39,Toni Guerrero,Chennai,25-11-2024
40,Mathew Grant,Ahmedabad,05-12-2024
41,Danielle Kent,Bangalore,08-11-2023
42,Andrea Miller,Chennai,03-02-2024
43,Julie Myers,Mumbai,22-02-2024
44,Ricky Ross,Kolkata,13-11-2024
45,Roy Quinn,Kolkata,17-04-2025
46,Joanne Ward,Ahmedabad,05-06-2025
47,Robert Wood,Kolkata,09-01-2024
48,Crystal Williams,Chennai,13-01-2024
49,Jeremy Greene,Mumbai,14-06-2025
50,Mrs. Anita Johnson,Delhi,16-08-2024
51,Deborah Morton,Pune,28-11-2023
52,Colin Marks,Ahmedabad,10-05-2025
53,Darren Walker,Hyderabad,13-08-2023
54,Julie Barrera,Delhi,24-12-2023
55,Thomas Carter,Chennai,02-02-2026
56,Meredith Smith,Chennai,01-07-2023
57,Patricia Lopez,Kolkata,09-07-2024
58,Kevin Avila,Pune,07-06-2025
59,Kayla Thomas,Ahmedabad,16-10-2025
60,Jordan Jones,Kolkata,02-11-2025
61,Regina Smith,Chennai,07-08-2023
62,Matthew Hood,Mumbai,05-03-2024
63,Joshua Hunter,Bangalore,27-12-2025
64,Mrs. Linda Wheeler,Pune,19-04-2024
65,William Morse,Chennai,24-05-2026
66,Mr. Christopher Reed,Mumbai,10-05-2026
67,Laura Wilson,Chennai,04-11-2023
68,Kathy Powell,Bangalore,15-11-2025
69,Mitchell Cook,Kolkata,05-03-2025
70,Travis Hobbs,Mumbai,30-08-2024
71,Lauren Tucker,Hyderabad,04-12-2025
72,Victoria Buckley,Ahmedabad,01-02-2026
73,Amy Stafford,Bangalore,09-10-2024
74,Jordan Mitchell,Ahmedabad,01-01-2024
75,Erica Le,Delhi,26-03-2024
76,Mark Hill,Delhi,05-04-2024
77,Sarah Blair,Ahmedabad,11-04-2025
78,Michelle Bryant,Kolkata,04-02-2025
79,Jennifer Cooper,Ahmedabad,22-10-2024
80,Peter Scott,Mumbai,15-11-2024
81,Michael Riley,Mumbai,14-03-2024
82,Felicia Rivera,Delhi,16-08-2024
83,Stephanie Smith,Ahmedabad,07-12-2024
84,Sharon King,Bangalore,14-10-2024
85,Barbara Ortega,Mumbai,08-06-2023
86,Samantha James,Hyderabad,12-01-2024
87,Miss Anna Duffy,Chennai,27-10-2025
88,Brent Miller,Hyderabad,05-10-2025
89,Terry Johnson,Kolkata,07-05-2025
90,Jennifer Perez,Kolkata,05-02-2025
91,Courtney Ford,Mumbai,16-04-2025
92,Benjamin Whitney,Pune,07-09-2025
93,Luis Clark,Pune,12-05-2025
94,Victoria Hill,Chennai,23-03-2026
95,Karen Navarro,Pune,21-01-2025
96,Yolanda Freeman,Pune,21-10-2025
97,Bradley Smith,Kolkata,05-11-2025
98,Brandon Anderson,Mumbai,22-06-2025
99,Mark Melton,Kolkata,07-02-2024
100,Jennifer Lewis,Pune,03-05-2025
101,Michael Brooks,Kolkata,01-10-2025
102,Elijah Barnett,Mumbai,11-06-2024
103,Summer Cannon,Chennai,18-11-2024
104,Scott Soto,Hyderabad,12-12-2023
105,Emily Gaines,Ahmedabad,18-06-2024
106,Marisa Pollard,Mumbai,01-12-2024
107,Matthew Andersen DDS,Chennai,26-08-2025
108,Amanda Bennett,Kolkata,31-12-2025
109,James Guerra,Chennai,11-03-2025
110,Andrea Thompson,Mumbai,02-01-2025
111,Nicholas Conway MD,Delhi,06-02-2025
112,Richard Martinez,Kolkata,02-05-2025
113,Mr. Joshua Lyons,Pune,15-01-2024
114,Billy Adams,Delhi,30-12-2025
115,Kaitlyn Mason,Chennai,06-08-2023
116,Antonio Ramirez,Bangalore,04-12-2023
117,Summer Williams,Pune,17-09-2024
118,David Schultz,Mumbai,20-02-2024
119,Shelley Garrett,Kolkata,21-07-2024
120,Dylan Scott,Hyderabad,22-02-2025
121,James Jackson,Delhi,20-08-2023
122,Jessica Roman,Hyderabad,09-07-2024
123,Todd Bond,Kolkata,03-04-2025
124,Jordan Reynolds,Chennai,15-09-2025
125,Corey Smith,Delhi,27-06-2025
126,Caroline Robles,Chennai,23-08-2024
127,Jimmy Pena,Pune,22-12-2023
128,Brenda Harmon,Delhi,18-06-2024
129,Rebekah Leonard,Kolkata,29-10-2025
130,Emily Bolton,Kolkata,13-02-2026
131,Sara Taylor,Mumbai,24-08-2023
132,Timothy James,Delhi,20-05-2026
133,Shannon Morgan,Ahmedabad,20-06-2023
134,Christopher Guzman,Mumbai,24-01-2026
135,Matthew Washington,Chennai,20-10-2024
136,Jenna Newman,Ahmedabad,20-09-2023
137,Todd Coleman,Ahmedabad,04-05-2026
138,Steven Rodriguez,Hyderabad,29-12-2024
139,Sarah Vargas,Kolkata,07-06-2024
140,Amanda Dodson,Mumbai,06-06-2024
141,Miss Robin Hensley DDS,Delhi,31-03-2025
142,Calvin Reyes,Chennai,10-06-2023
143,Keith Riley,Delhi,28-09-2023
144,Jamie Foster MD,Chennai,03-06-2025
145,Cindy Johnson,Pune,29-01-2024
146,David Johnson,Chennai,13-04-2026
147,Jamie Archer,Bangalore,22-08-2025
148,Dennis Fry,Chennai,14-11-2025
149,Lori Hernandez,Pune,10-07-2023
150,Sherry Taylor,Hyderabad,05-07-2023
151,Shannon Garcia,Bangalore,18-07-2025
152,Christopher Stephenson,Bangalore,29-02-2024
153,Vicki King,Chennai,10-09-2025
154,Jonathan Shields,Hyderabad,18-04-2026
155,Jason Young,Kolkata,08-06-2023
156,Ronald Hess,Mumbai,16-01-2026
157,Jessica Fisher,Pune,17-04-2025
158,Diana Bell,Bangalore,19-04-2025
159,Philip Wheeler,Bangalore,17-09-2024
160,Stephanie White,Mumbai,24-05-2026
161,Kristen Johnson,Bangalore,01-10-2024
162,Michelle Christensen,Hyderabad,13-10-2024
163,Jerry Phillips,Bangalore,08-07-2025
164,Taylor Bradford,Pune,30-11-2025
165,Ernest Jacobson,Chennai,16-01-2025
166,Barry Wolfe,Pune,19-12-2023
167,Misty Martinez,Chennai,09-08-2023
168,Jeremy Simmons,Delhi,10-07-2024
169,Jeffrey Gill,Delhi,07-07-2023
170,Michael Clark,Ahmedabad,19-08-2023
171,Mr. Joseph Decker MD,Ahmedabad,02-09-2023
172,Kevin Cortez,Kolkata,31-05-2025
173,Mary Rivera,Mumbai,02-03-2024
174,Jason Krueger MD,Hyderabad,27-02-2025
175,Melissa Sparks,Ahmedabad,02-12-2023
176,Debra Perez,Chennai,22-03-2024
177,Brandon Perkins,Kolkata,18-09-2023
178,Angelica Newton,Bangalore,23-11-2025
179,Robert Middleton,Delhi,14-11-2024
180,Dustin Gray,Mumbai,10-10-2024
181,Kristina Watts,Ahmedabad,11-08-2025
182,James Powell,Chennai,24-09-2024
183,Alexandra Wheeler,Pune,12-12-2023
184,Bonnie Cross,Mumbai,22-08-2023
185,William Walker,Chennai,12-12-2025
186,Marcus Lee,Ahmedabad,12-09-2023
187,Jonathan Smith,Chennai,08-04-2026
188,Brianna Lucas,Kolkata,21-07-2023
189,Jennifer Richardson,Chennai,21-10-2024
190,Brian Morris,Chennai,02-11-2023
191,Brittany Barnes,Bangalore,02-11-2024
192,Adam Lewis,Ahmedabad,16-01-2024
193,Mark Tate,Chennai,09-04-2025
194,Robert Wiley,Bangalore,06-09-2024
195,William Wiley,Delhi,28-03-2024
196,Kyle Villegas,Kolkata,23-09-2025
197,Walter Brown,Mumbai,20-02-2025
198,Andrew Martin,Kolkata,06-06-2025
199,Ronald Hendricks,Kolkata,08-06-2025
200,Emily Smith,Hyderabad,26-09-2025
201,Troy Gutierrez,Delhi,01-12-2024
202,Alex Davis,Kolkata,30-04-2026
203,Carl Allen,Chennai,21-07-2023
204,Eric Hudson,Pune,08-04-2024
205,Michaela Taylor,Hyderabad,08-02-2025
206,Michael Campbell,Pune,17-04-2026
207,Tina Mosley,Hyderabad,25-05-2026
208,Alexander White,Chennai,06-05-2024
209,Benjamin Reed,Mumbai,14-08-2023
210,Jessica Moreno,Kolkata,10-10-2023
211,Jason Martin,Mumbai,26-06-2024
212,Breanna Wood,Kolkata,27-10-2025
213,Allen Morales,Hyderabad,01-11-2024
214,Kenneth Lopez,Pune,30-06-2023
215,Rebecca Scott,Ahmedabad,15-07-2023
216,Russell Hamilton DVM,Chennai,04-02-2025
217,Charles Stewart,Bangalore,10-10-2023
218,Nicholas Rodriguez,Ahmedabad,27-10-2023
219,Sarah Hall,Hyderabad,09-02-2025
220,Carlos Williams,Ahmedabad,24-04-2026
221,Misty Craig,Chennai,15-04-2025
222,Stephanie Burke,Bangalore,04-01-2025
223,Frank Caldwell,Ahmedabad,02-08-2024
224,Michelle Campbell,Hyderabad,03-12-2023
225,Brandon Owens,Chennai,08-02-2026
226,Paula Johnson,Mumbai,03-08-2023
227,William Hernandez,Delhi,17-03-2026
228,Andrew Martinez,Pune,28-02-2025
229,Andrea Nolan DVM,Mumbai,14-07-2025
230,Lisa Carlson,Kolkata,03-11-2025
231,Alexander Martin,Ahmedabad,24-01-2026
232,Amber Lee,Delhi,30-12-2024
233,Amanda Jacobson,Ahmedabad,05-05-2024
234,Michele Casey,Mumbai,14-11-2023
235,William Chase,Ahmedabad,03-03-2026
236,Amanda Mason,Delhi,12-04-2026
237,Jeffrey Cantrell,Chennai,29-03-2025
238,Lindsay Woods,Chennai,11-07-2024
239,Diane Gonzalez,Bangalore,08-10-2025
240,Timothy Harris,Mumbai,25-11-2025
241,Rhonda Hays,Ahmedabad,20-08-2025
242,Sheila Gonzales,Hyderabad,14-01-2026
243,Damon Lewis,Mumbai,05-05-2025
244,Claudia Rogers,Chennai,09-10-2025
245,James Miles,Kolkata,19-08-2023
246,Lee Edwards,Bangalore,30-08-2025
247,Carla Johnson,Pune,03-01-2025
248,Brian Gonzalez,Hyderabad,04-06-2024
249,Kristin Johnson,Hyderabad,27-04-2026
250,Matthew Watts DDS,Delhi,01-10-2024
251,John Marks,Kolkata,07-05-2025
252,Lauren Bowman,Chennai,09-05-2024
253,Dustin Thompson,Kolkata,30-05-2025
254,Tanya Cabrera,Mumbai,30-04-2024
255,Marcus Griffin,Mumbai,04-06-2023
256,Michael Smith,Ahmedabad,25-10-2023
257,Jessica Nichols,Delhi,22-11-2023
258,Stephen Goodwin,Bangalore,01-07-2024
259,Jennifer Andrade,Mumbai,16-01-2024
260,Kimberly Gibson,Hyderabad,15-11-2025
261,Jasmine Carter,Delhi,06-11-2023
262,Lauren Ferguson,Bangalore,19-11-2024
263,Andrew Gibson,Hyderabad,16-07-2025
264,Cassie Johnson,Ahmedabad,06-02-2025
265,Russell Ross,Ahmedabad,18-02-2026
266,Cameron Patrick,Bangalore,03-01-2025
267,Beth Sullivan,Hyderabad,07-01-2024
268,Kyle Maxwell,Pune,20-10-2025
269,Edward Russell,Pune,26-10-2025
270,Zachary Green,Ahmedabad,22-04-2026
271,Teresa Chang,Hyderabad,04-02-2026
272,William Clark,Bangalore,11-01-2025
273,Ryan Young,Pune,29-07-2024
274,Samantha Jimenez,Kolkata,13-08-2024
275,Andrea Kline,Kolkata,06-05-2024
276,Amber Mcfarland,Ahmedabad,01-05-2025
277,Kimberly Schwartz DDS,Pune,13-10-2024
278,Kenneth Wilson,Mumbai,30-04-2024
279,Deborah Bryan,Kolkata,14-04-2026
280,Patricia Sparks,Kolkata,28-11-2025
281,Nathan Parks,Chennai,02-09-2023
282,Lauren Kaufman,Delhi,11-09-2025
283,Brian Brown,Ahmedabad,02-07-2023
284,Dorothy Clark,Delhi,21-12-2023
285,Terry Kelly,Bangalore,03-09-2024
286,Daniel Ellis,Bangalore,02-07-2025
287,Andrea Nelson,Bangalore,03-11-2023
288,Charles Rodgers,Mumbai,30-08-2024
289,Mrs. Robin Cummings,Bangalore,27-12-2025
290,Kristen Mckay,Bangalore,30-01-2024
291,Brenda Wilson,Pune,21-05-2026
292,Amanda Bauer,Kolkata,11-05-2025
293,Jordan Christensen,Mumbai,09-07-2024
294,Alexander Lewis,Mumbai,09-07-2025
295,Taylor Shah,Kolkata,14-10-2024
296,Earl Lamb,Chennai,11-05-2025
297,Mark Morrison,Mumbai,10-01-2025
298,Timothy Lee,Mumbai,22-11-2023
299,Brandy Hays,Bangalore,23-07-2025
300,Stephanie Saunders,Kolkata,01-12-2024
301,Kelly Carr,Hyderabad,12-12-2023
302,Clinton Adams,Delhi,03-02-2024
303,Charles Lee,Hyderabad,13-12-2025
304,Steven Curtis,Pune,19-12-2024
305,Martha Cook,Hyderabad,10-02-2024
306,Christy Brown,Chennai,05-10-2025
307,Margaret Martinez,Bangalore,09-03-2026
308,Ms. Nichole Green DDS,Mumbai,02-08-2024
309,Scott Monroe,Chennai,25-03-2026
310,Christopher Tapia,Delhi,21-08-2023
311,Matthew Reilly,Ahmedabad,15-09-2024
312,Melissa Taylor,Bangalore,24-02-2024
313,John Keller,Kolkata,08-10-2023
314,Jared Lewis,Bangalore,15-09-2025
315,Megan Williams,Kolkata,06-01-2025
316,Frances Doyle,Kolkata,02-05-2025
317,Dean Sandoval,Bangalore,08-01-2025
318,William Garcia,Kolkata,19-04-2026
319,John Edwards,Pune,11-06-2023
320,Michael Williams,Ahmedabad,10-11-2024
321,Christine Evans,Mumbai,06-05-2026
322,Brandon Berg,Hyderabad,13-06-2024
323,Paul Duncan,Delhi,03-11-2024
324,Terri Thomas,Ahmedabad,08-01-2026
325,Natalie Hughes,Pune,25-03-2026
326,Brent Rogers,Delhi,25-08-2023
327,Amanda Cooper,Pune,28-12-2023
328,David Fisher,Ahmedabad,27-06-2024
329,Susan Perry,Chennai,08-04-2025
330,Amanda Blanchard,Mumbai,09-01-2025
331,Diane Jenkins,Ahmedabad,17-11-2023
332,Jim Brewer,Chennai,29-07-2023
333,Dustin Pearson,Hyderabad,31-12-2025
334,William Daniel,Chennai,03-11-2024
335,Donald Berry,Bangalore,01-02-2025
336,Danny Thompson,Kolkata,04-03-2024
337,Laura Choi,Mumbai,28-01-2024
338,Charles Wood,Pune,03-10-2025
339,Billy Hernandez,Pune,29-10-2023
340,James Farmer,Chennai,11-04-2025
341,Miss Stephanie Soto,Pune,08-12-2025
342,Joshua Zuniga,Bangalore,20-05-2026
343,Carolyn Pollard,Kolkata,24-11-2023
344,Christopher Lewis,Delhi,15-03-2024
345,Michael Olsen,Kolkata,19-09-2025
346,Suzanne Barnes,Delhi,11-09-2024
347,Anna Ortiz,Ahmedabad,02-01-2026
348,Stephanie Hall,Delhi,04-12-2025
349,Hector Hill,Mumbai,11-08-2025
350,Thomas Barnes,Delhi,26-11-2025
351,Laura Wade,Pune,09-11-2023
352,Paula Kim,Chennai,01-12-2024
353,Kayla Ferrell,Mumbai,15-02-2025
354,Stephen White,Pune,02-07-2023
355,Christine Gonzalez,Delhi,28-09-2023
356,Brian Simpson,Bangalore,19-11-2024
357,Theresa Black,Ahmedabad,18-09-2025
358,Michael Jones,Kolkata,30-11-2025
359,Tyler Moore DVM,Bangalore,22-09-2024
360,Matthew Bell,Kolkata,25-07-2024
361,Matthew Williams,Mumbai,28-08-2025
362,Brandon Smith,Mumbai,29-01-2026
363,Victoria Chavez,Delhi,21-09-2024
364,Jeanne Dixon,Pune,20-05-2026
365,Christine Perkins,Ahmedabad,01-11-2025
366,Gail Turner,Pune,02-06-2023
367,Kathy Montoya,Delhi,07-07-2024
368,Dorothy Montgomery,Mumbai,09-05-2026
369,Samuel Hunt,Chennai,28-12-2023
370,Darin Townsend,Ahmedabad,09-04-2025
371,Michaela Griffin,Bangalore,10-06-2025
372,Sharon Bailey,Bangalore,04-02-2025
373,Patricia Moyer,Bangalore,06-06-2025
374,Stephen Johnson,Kolkata,07-04-2024
375,Mr. Joseph Chavez,Chennai,14-04-2026
376,Kyle Gonzalez,Delhi,31-08-2023
377,Melinda Harris,Pune,16-09-2024
378,Anthony Shields,Mumbai,23-11-2023
379,Erika Thompson,Hyderabad,22-05-2024
380,Katherine Williams,Chennai,11-02-2025
381,John Lewis,Kolkata,11-09-2025
382,Jason Williams,Chennai,05-08-2023
383,Misty Baker,Bangalore,14-08-2025
384,Adam Cameron,Mumbai,01-01-2025
385,Ryan Green,Mumbai,13-02-2024
386,Diana Johnson,Pune,01-09-2025
387,William Copeland,Pune,23-02-2024
388,Gabriel Bryant,Bangalore,08-06-2025
389,Heidi Wilson,Hyderabad,01-11-2025
390,Lori Young,Bangalore,23-11-2023
391,Mrs. Jessica Chen,Delhi,06-08-2023
392,Ann Williams,Mumbai,22-06-2023
393,Frank Porter,Hyderabad,06-08-2025
394,Anne Pope,Kolkata,15-11-2024
395,Heather Mitchell,Chennai,21-01-2025
396,Michael Dunn,Chennai,20-10-2024
397,Laura Mathis,Delhi,28-09-2023
398,Theresa Hawkins,Kolkata,18-01-2026
399,Douglas Reed,Mumbai,27-10-2024
400,Cody Cunningham,Hyderabad,16-11-2025
401,Michael Shaw,Chennai,19-06-2025
402,Kristi Pineda,Chennai,13-08-2024
403,Stephen Stewart,Mumbai,26-11-2025
404,Tara Flores,Chennai,06-12-2024
405,Samantha Andersen,Mumbai,15-03-2025
406,Caitlin Moss,Hyderabad,09-04-2025
407,Dr. Andrew Torres,Pune,30-07-2024
408,Valerie Smith,Kolkata,08-06-2023
409,Rebecca Carney,Delhi,23-05-2026
410,Jeff Brock,Chennai,04-10-2023
411,Brandon Phillips,Ahmedabad,18-09-2024
412,Mark Craig,Pune,04-04-2025
413,Joseph Horn,Bangalore,28-05-2024
414,Donald Larson,Kolkata,27-12-2025
415,Candice Ochoa,Pune,21-02-2024
416,Charles Burke,Bangalore,07-02-2025
417,Melissa Johnson,Bangalore,17-12-2024
418,John Miller,Chennai,27-03-2026
419,Christina Murillo,Kolkata,31-12-2024
420,Meredith Barber,Ahmedabad,01-07-2025
421,Anthony Robinson,Hyderabad,09-04-2025
422,James Blankenship,Delhi,10-07-2025
423,Timothy Mclaughlin,Kolkata,02-01-2025
424,Anna Williams,Mumbai,13-06-2024
425,Derrick Hill,Hyderabad,16-11-2024
426,Caleb Carlson,Mumbai,19-05-2025
427,Rebecca Jackson,Delhi,29-03-2026
428,Amanda Robinson,Bangalore,19-09-2024
429,Angelica Rogers,Chennai,06-10-2025
430,Jacob Vaughan MD,Delhi,01-12-2023
431,Michael Cochran,Pune,27-09-2025
432,Tara Beasley,Delhi,13-09-2024
433,Brandon Mcdonald,Pune,22-05-2024
434,Lindsay Cook,Hyderabad,01-03-2024
435,Benjamin Flores,Pune,22-09-2024
436,Emily Adams,Pune,19-07-2025
437,Bryan Sandoval,Chennai,29-12-2025
438,Melissa Carter,Mumbai,21-07-2023
439,Vincent Anderson,Hyderabad,07-07-2025
440,Teresa Francis,Chennai,07-05-2026
441,Julie Anderson,Delhi,28-02-2026
442,Maria Green,Hyderabad,30-09-2025
443,Scott Peters,Kolkata,14-09-2023
444,John Armstrong,Pune,28-08-2025
445,Jose Mason,Hyderabad,05-07-2024
446,Jasmine Moon,Pune,15-03-2025
447,Elizabeth Black,Pune,11-04-2025
448,Tanya Lynch,Chennai,24-10-2024
449,Tara Santos,Hyderabad,06-08-2025
450,Donna Kemp,Hyderabad,25-06-2024
451,Samuel Graham,Ahmedabad,28-09-2023
452,Jason Reid II,Bangalore,16-03-2025
453,Karen Mcmillan,Mumbai,19-12-2024
454,Katherine Smith,Pune,16-06-2025
455,Angela Fuentes,Pune,27-09-2025
456,James Daniel,Pune,08-09-2023
457,Curtis Moreno,Ahmedabad,15-02-2024
458,Mark Gilmore,Kolkata,31-07-2024
459,Amber Holden,Chennai,23-06-2024
460,Kendra Mercer,Delhi,07-03-2025
461,Danielle Keller,Delhi,28-09-2025
462,Frank Vasquez,Kolkata,22-05-2024
463,Alexandra Haynes,Mumbai,12-06-2023
464,Joe Franklin,Kolkata,29-01-2026
465,Cheryl Wang,Bangalore,08-11-2025
466,Amy Barrera,Bangalore,19-09-2024
467,Lee Wells,Mumbai,07-05-2025
468,Ryan Huynh MD,Kolkata,19-12-2023
469,Wayne Rodriguez,Delhi,09-01-2025
470,Autumn Woods,Pune,04-07-2023
471,Emily Gregory,Delhi,23-11-2023
472,Alexa Meyer,Hyderabad,25-12-2025
473,Kimberly Johnson,Kolkata,17-06-2025
474,Bradley Williams,Delhi,03-01-2025
475,Christina Bell,Kolkata,03-12-2023
476,Michelle Turner,Hyderabad,21-08-2024
477,Jeremy Cook,Pune,29-04-2026
478,Charles Brock Jr.,Mumbai,19-10-2025
479,Anthony Buckley,Pune,05-08-2023
480,Stacy Ruiz,Kolkata,25-12-2025
481,Jane Martin DDS,Hyderabad,04-03-2024
482,Crystal Bridges,Mumbai,24-08-2023
483,Kevin Myers,Bangalore,25-01-2026
484,Denise Massey,Hyderabad,02-01-2025
485,Andrea Baker,Hyderabad,10-02-2024
486,Chelsey Wagner,Chennai,12-09-2023
487,Carla Cummings,Mumbai,22-01-2024
488,Michael Wright,Delhi,24-03-2026
489,Joseph Hodge,Hyderabad,04-05-2024
490,Joseph English,Hyderabad,05-06-2023
491,Derek Dillon,Bangalore,03-12-2025
492,Stephanie Beck,Kolkata,05-03-2024
493,Richard Anderson,Bangalore,12-05-2026
494,Robert Smith,Ahmedabad,23-12-2025
495,Melissa Callahan,Mumbai,27-05-2024
496,Amber Zimmerman,Kolkata,09-09-2025
497,Christopher Norris,Pune,02-11-2025
498,Meredith Hoffman,Delhi,12-09-2025
499,Tanner Jones,Delhi,24-02-2025
500,Scott Gaines,Mumbai,06-05-2025
501,Sean Vaughan,Bangalore,14-07-2023
502,Melanie House,Pune,23-01-2026
503,Leslie Perry,Ahmedabad,31-03-2026
504,Erica Oneill,Bangalore,02-07-2024
505,Abigail Baker,Kolkata,08-06-2023
506,Ellen White,Kolkata,21-08-2023
507,Sarah Jenkins,Chennai,06-04-2025
508,Jacob Mendoza,Pune,10-12-2023
509,David White,Bangalore,16-07-2024
510,Rebecca Hopkins,Pune,05-08-2025
511,Stephanie Greene,Ahmedabad,18-02-2025
512,Nicole Sanders,Mumbai,30-08-2025
513,Jesse Jones,Hyderabad,12-12-2025
514,Jennifer Gonzalez,Mumbai,11-04-2024
515,Laura Morgan,Bangalore,19-01-2025
516,Daniel Diaz,Mumbai,08-05-2025
517,Diana Smith,Delhi,11-12-2025
518,Jason Jones,Pune,14-11-2025
519,Lisa Evans,Mumbai,15-09-2025
520,Samantha Hartman,Kolkata,27-06-2023
521,Peter Walker,Ahmedabad,07-07-2025
522,Edward Schwartz,Kolkata,24-07-2023
523,Alex Perkins,Chennai,29-10-2025
524,Connor Knight,Delhi,30-04-2026
525,Terrence Perry,Kolkata,26-06-2025
526,Cheryl Roberts,Kolkata,22-06-2024
527,Charlotte Butler,Pune,02-07-2023
528,Matthew Vasquez,Pune,02-07-2025
529,Brenda Lutz,Mumbai,16-03-2024
530,Richard Lawrence,Bangalore,21-11-2024
531,Ryan Garrett,Delhi,30-01-2025
532,Brittany Horton,Delhi,03-07-2025
533,April Ross,Hyderabad,26-09-2024
534,Elizabeth Simmons,Chennai,10-01-2026
535,Crystal White,Kolkata,28-07-2024
536,Scott Hernandez,Hyderabad,05-10-2025
537,Zachary Kelly,Hyderabad,09-06-2023
538,Peter French,Kolkata,05-12-2024
539,Charles Smith,Delhi,09-11-2023
540,Maureen Morgan,Pune,22-10-2024
541,Kaitlin Johnson,Mumbai,16-02-2024
542,Paul Martin,Delhi,09-01-2025
543,Shannon Holland,Pune,05-08-2024
544,Darius Marshall,Ahmedabad,06-06-2024
545,Ryan Hodges,Bangalore,20-12-2023
546,Perry Salazar,Ahmedabad,01-01-2024
547,Ricky Carter,Mumbai,07-11-2024
548,Natalie Francis,Chennai,01-11-2025
549,Kimberly Miller,Hyderabad,01-02-2026
550,Amy Russell,Ahmedabad,12-06-2023
551,Michael Barr,Chennai,27-09-2023
552,Laura Jones,Hyderabad,14-05-2025
553,Mary Day,Chennai,08-08-2025
554,Raymond Frey,Bangalore,05-12-2024
555,Carolyn Martin,Delhi,13-07-2023
556,Laura Garcia,Mumbai,07-07-2025
557,Fred Fleming,Chennai,28-04-2026
558,Christopher Taylor,Mumbai,23-10-2024
559,Leah Garcia,Pune,14-04-2025
560,Nicholas Perkins,Ahmedabad,10-05-2026
561,Richard Alvarez,Chennai,30-05-2024
562,Marcus Hill,Kolkata,15-12-2024
563,Jonathan Page,Delhi,20-04-2024
564,Lisa Gordon,Pune,27-01-2026
565,Thomas Brennan,Pune,29-12-2023
566,Joshua Nelson,Bangalore,11-06-2025
567,Thomas Thompson,Kolkata,15-03-2026
568,Jose Wood,Delhi,24-08-2025
569,Kristie West,Pune,08-09-2024
570,Rebecca Huerta,Ahmedabad,02-06-2025
571,Jaime Cardenas,Bangalore,10-05-2024
572,Kathleen Ashley,Ahmedabad,25-06-2024
573,Jennifer Norton,Chennai,21-01-2026
574,Dr. Tonya Bush,Chennai,31-10-2023
575,Cynthia Boyd,Kolkata,05-11-2025
576,Joe Quinn,Hyderabad,16-09-2023
577,Gregory Parsons DVM,Chennai,30-11-2025
578,Russell Oconnor,Ahmedabad,07-09-2023
579,Larry Hamilton,Delhi,23-09-2023
580,Vincent Robinson,Bangalore,18-07-2024
581,Jessica Hinton,Pune,09-11-2023
582,Edward Fernandez,Mumbai,26-01-2024
583,Caleb Coleman,Delhi,04-12-2023
584,Robert Simpson,Chennai,23-10-2024
585,Christina Schneider,Mumbai,18-09-2025
586,Jesus Rodriguez,Delhi,23-04-2025
587,Emma Madden,Delhi,17-03-2025
588,Rachel Davis,Delhi,04-11-2024
589,Heather West,Kolkata,25-01-2026
590,Steven Lara,Delhi,05-02-2026
591,Joanna Gray,Bangalore,17-09-2025
592,Peter Flores,Delhi,12-12-2025
593,Cory Gibbs,Ahmedabad,11-06-2023
594,Nicholas Smith,Mumbai,06-02-2026
595,Ricky Gilbert,Ahmedabad,27-08-2024
596,Jared Rodriguez,Delhi,17-08-2025
597,Joshua Mckinney,Hyderabad,24-12-2023
598,Robert Hahn,Chennai,27-11-2023
599,Jeremy Gomez,Ahmedabad,29-05-2025
600,Angela Hernandez,Bangalore,04-07-2025
601,Elizabeth Taylor,Pune,21-01-2024
602,Cynthia Johnson,Kolkata,07-03-2024
603,Yolanda Pope,Ahmedabad,09-09-2023
604,Brandy Baxter,Kolkata,18-09-2024
605,Jennifer Rose,Chennai,20-02-2026
606,Stephen Hodges,Mumbai,06-09-2023
607,Jasmine Johnson,Kolkata,17-04-2025
608,Scott Werner,Kolkata,09-04-2024
609,Angel Rodriguez,Pune,04-04-2024
610,Nicole Rodriguez,Chennai,09-07-2025
611,Emily Blake,Ahmedabad,08-11-2025
612,John Johnson,Ahmedabad,24-02-2026
613,Mia Brown,Mumbai,08-09-2024
614,Becky Hendrix,Pune,19-09-2023
615,Dawn Monroe,Mumbai,18-03-2025
616,Carlos Simon,Chennai,03-07-2025
617,Jennifer Hill,Chennai,09-06-2023
618,Amanda Kim,Chennai,07-10-2024
619,Stephen Davis,Bangalore,21-07-2024
620,Dana Mullins,Ahmedabad,12-03-2024
621,Bonnie Johnson,Chennai,26-12-2025
622,Larry Mcdonald,Bangalore,13-11-2024
623,Christopher Meyers,Mumbai,17-08-2023
624,Lori Ali,Delhi,04-04-2026
625,Jennifer Garrett,Delhi,18-02-2026
626,Andrea Steele,Ahmedabad,16-11-2023
627,Amber Cantu,Bangalore,09-05-2026
628,Kevin Parks,Ahmedabad,06-01-2026
629,Michael Jensen,Kolkata,08-09-2025
630,Lauren Holloway,Mumbai,05-06-2024
631,Scott Pearson,Chennai,27-08-2025
632,Lori King,Delhi,22-11-2023
633,David Mercer,Hyderabad,25-10-2025
634,Sandra Taylor,Chennai,28-03-2024
635,Katie Clements,Hyderabad,16-04-2025
636,Christopher Edwards,Pune,05-08-2024
637,Laurie Nelson,Chennai,19-03-2025
638,Melissa Smith,Bangalore,12-02-2026
639,Tara Scott,Mumbai,12-10-2023
640,Terri Pitts,Pune,19-12-2024
641,Amy Winters,Delhi,02-10-2025
642,Ashley Fisher,Mumbai,24-07-2024
643,Kristen Roberts,Ahmedabad,30-06-2025
644,Dr. Matthew Hughes,Kolkata,02-03-2025
645,Michael Daniel,Kolkata,20-09-2024
646,Megan Decker,Ahmedabad,14-01-2024
647,Richard Smith,Pune,29-10-2025
648,Brandi Roy,Bangalore,14-07-2025
649,Amanda Sparks,Delhi,15-01-2026
650,Scott May MD,Chennai,30-04-2026
651,James Smith,Bangalore,29-10-2024
652,James Burnett,Chennai,20-04-2025
653,Martha Lewis,Kolkata,26-08-2025
654,Maria Brooks,Ahmedabad,27-06-2025
655,James Lee,Pune,10-05-2025
656,Kathy Ingram,Kolkata,05-12-2023
657,Gary Lopez,Pune,07-09-2025
658,Gabriel Robinson,Chennai,19-01-2024
659,Randall Myers,Kolkata,26-11-2023
660,Samantha Carroll,Pune,23-07-2024
661,Tabitha Carpenter MD,Bangalore,24-08-2024
662,Kevin Clayton,Hyderabad,09-02-2026
663,Kimberly Rivera,Pune,06-08-2024
664,Kim Johnson,Pune,11-12-2023
665,Mary Williams,Chennai,21-08-2023
666,Kaitlin Davis,Delhi,10-12-2024
667,Franklin Evans,Bangalore,24-04-2025
668,Stephanie Stevens,Pune,07-12-2025
669,Samantha Jackson,Pune,08-02-2025
670,Michelle Romero,Kolkata,30-12-2024
671,Kent Newman,Ahmedabad,12-08-2023
672,Allison Williams,Kolkata,05-05-2024
673,Jennifer Ross,Ahmedabad,24-01-2024
674,Abigail Adams,Mumbai,24-06-2023
675,Johnny Reynolds,Kolkata,11-07-2023
676,Michael Garner,Mumbai,10-10-2024
677,Jennifer Serrano,Pune,05-04-2026
678,Maureen Gentry,Hyderabad,03-04-2026
679,Kimberly Brown,Kolkata,22-12-2023
680,Jacob Shepherd,Kolkata,23-09-2024
681,Henry Moreno,Chennai,17-02-2024
682,Rodney Johnson,Chennai,27-06-2025
683,Jason Green,Chennai,01-02-2024
684,Sarah Rasmussen,Pune,11-08-2024
685,Taylor Smith,Chennai,24-08-2024
686,Shannon White,Delhi,09-12-2025
687,Amanda Higgins,Pune,08-10-2023
688,Timothy Haney,Mumbai,11-06-2023
689,Diana Morrison,Ahmedabad,02-04-2024
690,Derrick Park,Kolkata,22-09-2023
691,Katherine Garcia DDS,Chennai,05-08-2023
692,Amy Adams,Mumbai,01-03-2024
693,Pamela Rivera,Bangalore,15-04-2026
694,Steven Johnston,Hyderabad,08-04-2024
695,Cory Shaffer,Chennai,30-06-2024
696,Joseph Martin,Hyderabad,26-02-2025
697,Brandi Medina,Delhi,26-01-2026
698,Michael Gonzalez,Chennai,27-02-2025
699,Maxwell Orr,Ahmedabad,14-08-2024
700,Anthony Fields,Chennai,11-01-2025
701,Kathleen Drake,Bangalore,01-07-2025
702,Andrea Glover,Mumbai,10-11-2024
703,Patricia Johnson,Ahmedabad,20-06-2025
704,Robert West,Delhi,05-03-2024
705,James Russell II,Bangalore,30-11-2025
706,Jacob Nelson,Chennai,02-08-2025
707,Nicholas Hernandez,Bangalore,31-10-2025
708,Lisa Ray,Ahmedabad,30-12-2023
709,Oscar Johnson,Bangalore,18-03-2026
710,Deborah Fuentes,Hyderabad,12-02-2024
711,Michael Mills,Delhi,15-01-2024
712,Angela Gregory,Bangalore,05-07-2024
713,Jennifer Wilkins,Ahmedabad,23-03-2024
714,Alexander Scott,Ahmedabad,17-04-2026
715,Tiffany Williams,Chennai,06-07-2023
716,Scott Howell,Ahmedabad,12-07-2023
717,Andrea George,Ahmedabad,27-07-2025
718,Nicholas Hernandez,Ahmedabad,12-07-2024
719,Daniel Webster,Hyderabad,15-11-2025
720,Steven Greer,Kolkata,14-08-2024
721,Carlos Nicholson,Hyderabad,15-01-2025
722,Heather Dennis,Pune,09-03-2026
723,Paul Kelly,Kolkata,24-03-2026
724,Todd Fisher,Ahmedabad,17-12-2025
725,Jennifer Adkins,Pune,01-09-2023
726,Carolyn Bradford,Chennai,21-01-2026
727,Brandon Robertson,Kolkata,16-08-2023
728,Paul Diaz,Delhi,10-10-2023
729,Victoria Gallagher,Bangalore,14-04-2026
730,Carrie Gates,Mumbai,24-12-2024
731,Charles Newman,Delhi,27-02-2026
732,Paul Mccoy,Kolkata,16-02-2025
733,Stacey Curtis,Ahmedabad,12-03-2026
734,Carl Ford,Hyderabad,22-07-2025
735,Dawn Fox,Bangalore,19-01-2025
736,Gary Mcintyre,Hyderabad,23-02-2024
737,Donald Carey,Delhi,01-03-2026
738,Dylan Williams,Bangalore,30-05-2023
739,Terri Jones,Kolkata,20-06-2023
740,Cynthia Rodriguez,Pune,04-08-2025
741,Mrs. Jennifer Figueroa,Kolkata,22-04-2025
742,Melinda Johnson,Pune,11-02-2026
743,Anita Henderson,Chennai,15-09-2025
744,Kyle Davenport,Ahmedabad,16-02-2024
745,Sarah Delgado,Delhi,24-05-2026
746,Lisa Sullivan,Delhi,28-08-2024
747,John Sullivan,Chennai,25-10-2024
748,Daniel Davis,Delhi,18-05-2026
749,Mary Dickson,Delhi,01-12-2025
750,Ann Daniels,Hyderabad,27-08-2023
751,Teresa Marshall,Kolkata,13-07-2023
752,Sydney Carroll,Delhi,08-05-2024
753,Rebekah Long,Delhi,26-04-2026
754,Nancy Hardy,Ahmedabad,08-11-2024
755,Darlene Clay,Hyderabad,09-06-2024
756,Brandon Morales,Bangalore,30-11-2025
757,John Clark,Bangalore,15-08-2024
758,Martin Underwood,Hyderabad,17-07-2025
759,Lauren Allen,Bangalore,02-01-2024
760,Valerie Lester,Mumbai,10-09-2023
761,Elizabeth Reynolds,Hyderabad,19-06-2023
762,Scott Hernandez,Bangalore,08-09-2024
763,Barbara Garcia,Ahmedabad,22-10-2024
764,Barbara Lee,Mumbai,30-11-2023
765,Katherine Kennedy,Delhi,14-01-2024
766,Kayla Jackson,Delhi,02-07-2024
767,Mrs. Ellen Anderson,Chennai,13-11-2023
768,Blake Bowman,Delhi,13-06-2023
769,Micheal Shields,Chennai,10-09-2024
770,Matthew Hobbs,Mumbai,31-03-2026
771,Laura Webb,Pune,16-10-2024
772,Thomas Wright,Bangalore,24-04-2024
773,David Moore,Mumbai,14-04-2024
774,Stacey Lee,Chennai,07-12-2023
775,Samuel Lee,Bangalore,04-04-2024
776,Ricky Fisher,Pune,05-10-2023
777,Nancy Wood,Delhi,04-09-2023
778,Ruth Gordon,Ahmedabad,04-10-2025
779,Nicholas Morales,Kolkata,10-10-2024
780,Rachel Roberts,Delhi,04-06-2023
781,Emily Black,Pune,03-10-2024
782,Lisa Dodson,Mumbai,11-06-2023
783,Veronica Williams,Bangalore,16-01-2024
784,David Fisher,Pune,04-10-2023
785,Brenda Walker,Kolkata,19-07-2024
786,Sara White,Delhi,22-03-2024
787,Todd Booth,Bangalore,25-05-2026
788,Lindsay Rollins,Hyderabad,07-04-2026
789,Christopher Roberts,Delhi,02-03-2026
790,Rachel Long,Ahmedabad,20-09-2024
791,Jessica Adams,Delhi,19-08-2023
792,Sarah Martin,Chennai,29-07-2023
793,Sarah Ray,Kolkata,29-03-2025
794,Richard Mason,Mumbai,07-12-2024
795,Lorraine White DVM,Ahmedabad,25-08-2025
796,Justin Pena,Hyderabad,27-11-2025
797,Matthew Lynch,Kolkata,13-12-2023
798,Jennifer Williams,Kolkata,12-01-2026
799,Mr. Keith Sweeney,Delhi,30-11-2025
800,Ashley Leblanc,Delhi,22-06-2025
801,Stacy Bryant,Bangalore,25-03-2024
802,Ashley Schwartz,Bangalore,04-03-2026
803,Michael Nicholson,Hyderabad,25-02-2026
804,Diana Coleman,Ahmedabad,19-01-2025
805,Brittany Galloway,Delhi,03-01-2025
806,Tina Wilkinson,Bangalore,06-08-2024
807,Amy Gardner,Delhi,12-11-2024
808,Brittney Martinez,Delhi,20-09-2025
809,Joseph Frye,Bangalore,05-11-2024
810,Ricky Lewis,Ahmedabad,09-05-2024
811,Edward Davis,Pune,19-07-2025
812,Tyler Smith,Pune,05-03-2024
813,William Huynh,Hyderabad,02-05-2025
814,Stacie Carrillo,Delhi,25-03-2025
815,Mark Armstrong,Mumbai,29-05-2024
816,Sean Rios,Ahmedabad,05-07-2025
817,Denise Sullivan,Kolkata,12-09-2024
818,David Pugh,Bangalore,21-11-2025
819,Sydney Morton,Bangalore,18-01-2026
820,Paul Perry,Kolkata,25-06-2023
821,Deborah Morris,Pune,03-08-2023
822,Corey Herring,Hyderabad,30-08-2024
823,Kelly Sexton,Hyderabad,25-12-2023
824,Michele Johnson,Hyderabad,30-12-2024
825,Marie Coleman,Hyderabad,19-06-2025
826,Brandon Floyd,Bangalore,06-09-2024
827,Dana Oconnor,Delhi,06-10-2023
828,Ian Nelson,Bangalore,08-03-2024
829,Theresa Lindsey,Bangalore,07-02-2026
830,Paul Hamilton,Mumbai,28-10-2025
831,Matthew Walker,Pune,20-11-2025
832,Michael Davenport,Kolkata,08-11-2024
833,Noah Allen,Hyderabad,20-09-2023
834,Matthew Rush,Ahmedabad,08-11-2024
835,Leslie Russell,Pune,18-10-2025
836,Jesus Shaffer,Delhi,11-02-2024
837,Nicole Hicks,Ahmedabad,13-06-2024
838,Theresa Wagner,Chennai,13-01-2024
839,Mary Chapman,Pune,17-01-2026
840,Charles Carter,Kolkata,15-04-2026
841,Anthony Greer,Hyderabad,06-04-2025
842,Kristie Preston,Pune,16-02-2025
843,Kathy Dominguez,Ahmedabad,25-01-2025
844,Tiffany Franklin,Mumbai,16-04-2025
845,Danielle Graves,Delhi,19-01-2026
846,Stephanie Daniels,Hyderabad,24-02-2026
847,Sarah White,Chennai,09-10-2023
848,Courtney Wolf,Delhi,09-09-2023
849,Mrs. Amanda Wright PhD,Ahmedabad,15-05-2025
850,Mr. Ryan Jones MD,Ahmedabad,10-03-2024
851,Dr. William Cordova,Hyderabad,11-07-2024
852,Stephanie Boone,Pune,19-09-2023
853,Amy Grant,Ahmedabad,29-04-2024
854,Brooke Miller,Ahmedabad,04-11-2024
855,Stephanie Smith,Chennai,13-05-2026
856,Haley Jennings MD,Chennai,11-01-2026
857,Diamond Garcia,Pune,08-01-2026
858,Phillip Morris,Bangalore,14-04-2026
859,Jeffrey Hamilton,Chennai,26-04-2026
860,Jennifer Obrien,Hyderabad,12-05-2026
861,Jesus Snyder,Hyderabad,03-03-2026
862,Donna Quinn,Pune,17-05-2024
863,Mr. James Green Jr.,Pune,20-07-2023
864,Kimberly Arnold,Mumbai,29-09-2025
865,Lisa Lowe,Chennai,25-12-2023
866,Christian Bowman,Chennai,05-04-2024
867,Patrick Whitaker,Ahmedabad,20-11-2023
868,Jasmin Moore,Ahmedabad,04-12-2024
869,Kimberly Fisher,Kolkata,25-04-2024
870,Andrew Griffith,Delhi,01-09-2023
871,Thomas Perry,Delhi,22-12-2025
872,Haley Mcintosh,Bangalore,14-12-2025
873,Gabrielle Fisher,Delhi,06-05-2025
874,Monica Jackson,Chennai,12-03-2024
875,Brian Reese,Bangalore,14-07-2025
876,Angel Davis,Ahmedabad,21-01-2024
877,Miranda Hall,Delhi,04-08-2023
878,Hannah Tucker,Bangalore,03-09-2023
879,John Schneider,Kolkata,27-05-2025
880,Aimee Jackson,Chennai,25-11-2023
881,Jaime Daugherty,Kolkata,30-11-2024
882,Laura Thomas,Delhi,04-07-2025
883,Tina Franklin,Hyderabad,23-10-2023
884,Tyler Dunlap,Chennai,20-02-2025
885,Amanda Macias,Kolkata,29-09-2023
886,Sarah Brock,Kolkata,11-02-2026
887,Bailey Martinez,Mumbai,03-08-2023
888,Sara Williams,Bangalore,15-11-2023
889,Michael Campbell,Ahmedabad,01-08-2025
890,Dennis Whitaker,Bangalore,26-08-2023
891,Nicholas Chapman,Bangalore,06-02-2025
892,Patrick Holmes,Delhi,25-10-2025
893,Nathan Frazier,Chennai,16-09-2025
894,Joe Shelton,Ahmedabad,22-05-2024
895,Rebecca Thompson,Chennai,03-02-2026
896,Judith Crane,Mumbai,29-07-2024
897,Laura Brown,Ahmedabad,31-12-2025
898,Emily Potter,Chennai,25-09-2024
899,Brandon Stone,Ahmedabad,08-01-2026
900,Oscar Gross,Mumbai,27-04-2026
901,Jordan Clark,Bangalore,27-12-2025
902,Barbara Vega,Mumbai,06-12-2023
903,Andrew Hall,Hyderabad,03-05-2024
904,Maria Howard,Delhi,13-09-2023
905,Kelly Clark,Hyderabad,01-08-2023
906,Tiffany Wilcox,Delhi,19-10-2025
907,Matthew Castillo,Ahmedabad,29-10-2025
908,Shannon Jackson,Delhi,21-09-2024
909,David Butler,Delhi,17-06-2023
910,Kerry Torres,Bangalore,13-12-2025
911,Tracy Medina,Delhi,29-12-2025
912,Deborah Hall,Delhi,21-07-2023
913,Caroline Wright,Hyderabad,17-06-2024
914,Jacob Reese II,Kolkata,01-03-2026
915,Grant Brown,Ahmedabad,05-08-2025
916,Matthew Moore,Mumbai,30-03-2025
917,Christian Spears,Kolkata,16-09-2025
918,Tyler Nunez,Kolkata,25-01-2024
919,Nicholas Anderson,Hyderabad,09-10-2024
920,Kathy Johnson,Chennai,30-05-2024
921,Jasmine Avila,Delhi,22-08-2023
922,Keith West,Pune,28-07-2023
923,Heather Smith,Bangalore,03-04-2025
924,Nicole Ruiz,Ahmedabad,22-04-2025
925,Latoya Torres,Hyderabad,18-12-2023
926,Rachael Silva,Pune,10-11-2024
927,William Lopez,Chennai,28-12-2023
928,Anna Bell,Delhi,28-10-2023
929,Michael Fernandez,Kolkata,28-04-2024
930,Christy Summers,Hyderabad,13-09-2023
931,Taylor Henderson,Ahmedabad,17-06-2023
932,Carla Wade,Ahmedabad,03-08-2025
933,Carolyn Davis,Mumbai,03-07-2024
934,Timothy Williams,Mumbai,17-08-2023
935,Brandi Johnson,Bangalore,08-06-2024
936,Christopher Fischer,Delhi,09-08-2023
937,Sheena Price,Ahmedabad,02-05-2026
938,Christina Nielsen,Kolkata,10-04-2024
939,Becky Palmer,Bangalore,09-05-2026
940,Mary Livingston,Pune,03-03-2026
941,Amanda Moreno,Ahmedabad,06-12-2023
942,John Ward,Mumbai,16-01-2024
943,James Edwards,Chennai,04-05-2025
944,Kenneth Ramirez,Delhi,21-07-2024
945,Justin Brooks,Bangalore,31-07-2023
946,Daniel Lopez,Bangalore,08-02-2026
947,Karen Williams,Mumbai,17-04-2025
948,Belinda Rodriguez,Pune,22-02-2026
949,Kaylee Smith,Pune,06-01-2026
950,Jeanette Deleon,Ahmedabad,12-09-2025
951,Tiffany Allen,Ahmedabad,24-12-2025
952,Ana Fitzpatrick,Hyderabad,14-10-2024
953,Dr. Michael Haynes,Bangalore,04-03-2026
954,Stephanie Graham,Chennai,08-12-2025
955,Tracey Anderson,Kolkata,30-12-2025
956,Martha Smith,Bangalore,06-04-2025
957,Shelby Sharp,Bangalore,13-08-2024
958,Kyle Hampton,Bangalore,11-08-2024
959,Steven Morris,Mumbai,13-05-2025
960,Tyler Thompson,Bangalore,26-05-2024
961,Justin Maynard,Hyderabad,28-02-2026
962,Crystal Calderon,Hyderabad,03-05-2024
963,Crystal Brown,Ahmedabad,29-04-2025
964,Jennifer Gilmore,Hyderabad,27-11-2024
965,Brittany Mcintyre,Delhi,02-05-2026
966,Bradley Hunter,Kolkata,03-04-2025
967,Damon Kemp,Chennai,08-09-2024
968,Elizabeth Garrett,Delhi,10-10-2025
969,Angela Salas,Bangalore,21-08-2024
970,Nicholas Ross,Delhi,20-04-2026
971,Rebecca Morris,Pune,21-12-2023
972,Robert Daniels,Chennai,17-02-2024
973,Mrs. Gina Vega,Bangalore,18-09-2025
974,Emily Callahan,Chennai,08-01-2024
975,Edward Ayala,Pune,27-03-2024
976,Amanda Hernandez,Ahmedabad,13-06-2023
977,Christopher Thomas,Mumbai,13-07-2025
978,Rodney Waters,Mumbai,07-02-2024
979,Sara Lloyd,Chennai,15-04-2025
980,Gina Chavez,Mumbai,04-10-2025
981,Jeffrey Harrison,Kolkata,19-02-2024
982,Isaiah Brown,Chennai,23-03-2024
983,Michael Wells,Pune,07-06-2023
984,Angela Mullins,Delhi,17-06-2024
985,Gregory Thompson,Bangalore,16-01-2024
986,Michael Ortiz,Hyderabad,19-10-2023
987,Raymond Anderson,Kolkata,04-01-2026
988,Stephanie Rodriguez,Bangalore,20-02-2024
989,Dawn Bullock,Ahmedabad,27-04-2024
990,Fred Everett,Hyderabad,22-06-2024
991,Isaiah Price,Bangalore,02-05-2026
992,Christopher Jackson,Chennai,06-06-2025
993,Mary Bridges,Hyderabad,12-02-2026
994,Christina Ross,Ahmedabad,13-12-2023
995,Catherine Gonzalez,Hyderabad,28-08-2025
996,Ryan Rollins,Ahmedabad,23-06-2023
997,Tiffany Johnson DDS,Chennai,21-10-2023
998,Jacob Mcclure,Chennai,18-06-2023
999,Mario Blair,Delhi,15-07-2024
1000,Cynthia Roberts,Ahmedabad,06-11-2023
